-- MariaDB dump 10.19  Distrib 10.4.32-MariaDB, for Win64 (AMD64)
--
-- Host: localhost    Database: casters_db
-- ------------------------------------------------------
-- Server version	10.4.32-MariaDB

/*!40101 SET @OLD_CHARACTER_SET_CLIENT=@@CHARACTER_SET_CLIENT */;
/*!40101 SET @OLD_CHARACTER_SET_RESULTS=@@CHARACTER_SET_RESULTS */;
/*!40101 SET @OLD_COLLATION_CONNECTION=@@COLLATION_CONNECTION */;
/*!40101 SET NAMES utf8mb4 */;
/*!40103 SET @OLD_TIME_ZONE=@@TIME_ZONE */;
/*!40103 SET TIME_ZONE='+00:00' */;
/*!40014 SET @OLD_UNIQUE_CHECKS=@@UNIQUE_CHECKS, UNIQUE_CHECKS=0 */;
/*!40014 SET @OLD_FOREIGN_KEY_CHECKS=@@FOREIGN_KEY_CHECKS, FOREIGN_KEY_CHECKS=0 */;
/*!40101 SET @OLD_SQL_MODE=@@SQL_MODE, SQL_MODE='NO_AUTO_VALUE_ON_ZERO' */;
/*!40111 SET @OLD_SQL_NOTES=@@SQL_NOTES, SQL_NOTES=0 */;

--
-- Table structure for table `brand_profiles`
--

DROP TABLE IF EXISTS `brand_profiles`;
/*!40101 SET @saved_cs_client     = @@character_set_client */;
/*!40101 SET character_set_client = utf8 */;
CREATE TABLE `brand_profiles` (
  `id` int(11) NOT NULL AUTO_INCREMENT,
  `user_id` int(11) NOT NULL,
  `company_name` varchar(255) NOT NULL,
  `website_url` varchar(255) DEFAULT NULL,
  `company_description` text DEFAULT NULL,
  `contact_person_name` varchar(255) DEFAULT NULL,
  `contact_person_phone` varchar(50) DEFAULT NULL,
  `contact_person_email` varchar(255) DEFAULT NULL,
  `instagram_url` varchar(255) DEFAULT NULL,
  `tiktok_url` varchar(255) DEFAULT NULL,
  `facebook_url` varchar(255) DEFAULT NULL,
  `needs` text DEFAULT NULL,
  `goals` text DEFAULT NULL,
  `hear_about_us` varchar(100) DEFAULT NULL,
  `newsletter_subscribed` tinyint(1) DEFAULT 0,
  `tax_number` varchar(100) DEFAULT NULL,
  `subscription_level` enum('level1','level2') DEFAULT 'level1',
  `rating` decimal(3,2) DEFAULT 0.00,
  `total_campaigns` int(11) DEFAULT 0,
  `created_at` timestamp NOT NULL DEFAULT current_timestamp(),
  `updated_at` timestamp NOT NULL DEFAULT current_timestamp() ON UPDATE current_timestamp(),
  PRIMARY KEY (`id`),
  UNIQUE KEY `user_id` (`user_id`),
  CONSTRAINT `brand_profiles_ibfk_1` FOREIGN KEY (`user_id`) REFERENCES `users` (`id`) ON DELETE CASCADE
) ENGINE=InnoDB AUTO_INCREMENT=6 DEFAULT CHARSET=utf8mb4 COLLATE=utf8mb4_unicode_ci;
/*!40101 SET character_set_client = @saved_cs_client */;

--
-- Dumping data for table `brand_profiles`
--

LOCK TABLES `brand_profiles` WRITE;
/*!40000 ALTER TABLE `brand_profiles` DISABLE KEYS */;
INSERT INTO `brand_profiles` VALUES (1,2,'Nordic Tech Solutions','https://nordictech.fi','Leading technology solutions provider in Finland','Nordic Tech',NULL,NULL,NULL,NULL,NULL,NULL,NULL,NULL,0,NULL,'level2',4.90,0,'2025-11-19 12:47:29','2025-11-19 12:47:29'),(2,3,'Helsinki Fashion House','https://helsinkifashion.fi','Premium Finnish fashion brand','Helsinki Fashion',NULL,NULL,NULL,NULL,NULL,NULL,NULL,NULL,0,NULL,'level1',3.70,0,'2025-11-19 12:47:29','2025-11-19 12:47:29'),(3,4,'Arctic Foods Co','https://arcticfoods.fi','Organic food products from Finland','Arctic Foods',NULL,NULL,NULL,NULL,NULL,NULL,NULL,NULL,0,NULL,'level2',3.80,0,'2025-11-19 12:47:29','2025-11-19 12:47:29'),(4,5,'Suomi Sports Gear','https://suomisports.fi','Sports equipment and outdoor gear','Suomi Sports',NULL,NULL,NULL,NULL,NULL,NULL,NULL,NULL,0,NULL,'level1',3.60,0,'2025-11-19 12:47:29','2025-11-19 12:47:29'),(5,6,'Turku Beauty Lab','https://turkubeauty.fi','Natural beauty and skincare products','Turku Beauty',NULL,NULL,NULL,NULL,NULL,NULL,NULL,NULL,0,NULL,'level2',4.60,0,'2025-11-19 12:47:29','2025-11-19 12:47:29');
/*!40000 ALTER TABLE `brand_profiles` ENABLE KEYS */;
UNLOCK TABLES;

--
-- Table structure for table `campaign_applications`
--

DROP TABLE IF EXISTS `campaign_applications`;
/*!40101 SET @saved_cs_client     = @@character_set_client */;
/*!40101 SET character_set_client = utf8 */;
CREATE TABLE `campaign_applications` (
  `id` int(11) NOT NULL AUTO_INCREMENT,
  `campaign_id` int(11) NOT NULL,
  `influencer_id` int(11) NOT NULL,
  `message` text DEFAULT NULL,
  `status` enum('pending','accepted','rejected','completed') DEFAULT 'pending',
  `applied_at` timestamp NOT NULL DEFAULT current_timestamp(),
  `responded_at` timestamp NOT NULL DEFAULT '0000-00-00 00:00:00',
  PRIMARY KEY (`id`),
  UNIQUE KEY `unique_application` (`campaign_id`,`influencer_id`),
  KEY `influencer_id` (`influencer_id`),
  KEY `idx_applications_status` (`status`),
  CONSTRAINT `campaign_applications_ibfk_1` FOREIGN KEY (`campaign_id`) REFERENCES `campaigns` (`id`) ON DELETE CASCADE,
  CONSTRAINT `campaign_applications_ibfk_2` FOREIGN KEY (`influencer_id`) REFERENCES `influencer_profiles` (`id`) ON DELETE CASCADE
) ENGINE=InnoDB AUTO_INCREMENT=4 DEFAULT CHARSET=utf8mb4 COLLATE=utf8mb4_unicode_ci;
/*!40101 SET character_set_client = @saved_cs_client */;

--
-- Dumping data for table `campaign_applications`
--

LOCK TABLES `campaign_applications` WRITE;
/*!40000 ALTER TABLE `campaign_applications` DISABLE KEYS */;
INSERT INTO `campaign_applications` VALUES (1,15,1,'sdadasdasdsadsdsdadasdasdsadsdsdadasdasdsadsdsdadasdasdsadsdsdadasdasdsadsdsdadasdasdsadsdsdadasdasdsadsdsdadasdasdsadsdsdadasdasdsadsd','accepted','2025-11-21 11:42:25','2025-11-21 17:17:53'),(2,21,1,'sdadsdasdsdadsdasdsdadsdasdsdadsdasdsdadsdasdsdadsdasdsdadsdasdsdadsdasdsdadsdasd','pending','2025-11-21 11:53:34','0000-00-00 00:00:00'),(3,83,1,'sdadsdasdsdadsdasdsdadsdasdsdadsdasdsdadsdasdsdadsdasdsdadsdasdsdadsdasdsdadsdasdsdadsdasdsdadsdasd','pending','2025-11-21 11:55:54','0000-00-00 00:00:00');
/*!40000 ALTER TABLE `campaign_applications` ENABLE KEYS */;
UNLOCK TABLES;

--
-- Table structure for table `campaigns`
--

DROP TABLE IF EXISTS `campaigns`;
/*!40101 SET @saved_cs_client     = @@character_set_client */;
/*!40101 SET character_set_client = utf8 */;
CREATE TABLE `campaigns` (
  `id` int(11) NOT NULL AUTO_INCREMENT,
  `brand_id` int(11) NOT NULL,
  `created_by` int(11) NOT NULL,
  `name` varchar(255) NOT NULL,
  `description` text DEFAULT NULL,
  `hero_image` varchar(255) DEFAULT NULL,
  `image` varchar(255) DEFAULT NULL,
  `gallery_images` text DEFAULT NULL,
  `brand_address` varchar(500) DEFAULT NULL,
  `brand_timing` varchar(255) DEFAULT NULL,
  `service_description` text DEFAULT NULL,
  `what_is_expected` text DEFAULT NULL,
  `what_is_offered` text DEFAULT NULL,
  `instructions` text DEFAULT NULL,
  `expectations` text DEFAULT NULL,
  `compensation` text DEFAULT NULL,
  `budget` decimal(10,2) DEFAULT NULL,
  `timing_start` date DEFAULT NULL,
  `timing_end` date DEFAULT NULL,
  `target_sex` enum('any','male','female') DEFAULT 'any',
  `target_age_min` int(11) DEFAULT NULL,
  `target_age_max` int(11) DEFAULT NULL,
  `target_location` varchar(255) DEFAULT NULL,
  `category` varchar(100) DEFAULT NULL,
  `influencers_needed` int(11) DEFAULT 1,
  `influencers_selected` int(11) DEFAULT 0,
  `status` enum('draft','active','paused','completed','cancelled') DEFAULT 'draft',
  `is_public` tinyint(1) DEFAULT 1,
  `created_at` timestamp NOT NULL DEFAULT current_timestamp(),
  `updated_at` timestamp NOT NULL DEFAULT current_timestamp() ON UPDATE current_timestamp(),
  PRIMARY KEY (`id`),
  KEY `created_by` (`created_by`),
  KEY `idx_campaigns_status` (`status`),
  KEY `idx_campaigns_brand` (`brand_id`),
  CONSTRAINT `campaigns_ibfk_1` FOREIGN KEY (`brand_id`) REFERENCES `brand_profiles` (`id`) ON DELETE CASCADE,
  CONSTRAINT `campaigns_ibfk_2` FOREIGN KEY (`created_by`) REFERENCES `users` (`id`)
) ENGINE=InnoDB AUTO_INCREMENT=105 DEFAULT CHARSET=utf8mb4 COLLATE=utf8mb4_unicode_ci;
/*!40101 SET character_set_client = @saved_cs_client */;

--
-- Dumping data for table `campaigns`
--

LOCK TABLES `campaigns` WRITE;
/*!40000 ALTER TABLE `campaigns` DISABLE KEYS */;
INSERT INTO `campaigns` VALUES (1,1,1,'Summer Fashion Collection Launch','We are looking for fashion influencers to promote our new summer collection featuring sustainable materials and vibrant designs.','https://images.unsplash.com/photo-1490481651871-ab68de25d43d?w=1200&h=600&fit=crop','https://images.unsplash.com/photo-1490481651871-ab68de25d43d?w=400&h=300&fit=crop','https://images.unsplash.com/photo-1483985988355-763728e1935b?w=400&h=300&fit=crop,https://images.unsplash.com/photo-1469334031218-e382a71b716b?w=400&h=300&fit=crop,https://images.unsplash.com/photo-1445205170230-053b83016050?w=400&h=300&fit=crop,https://images.unsplash.com/photo-1515372039744-b8f02a3ae446?w=400&h=300&fit=crop,https://images.unsplash.com/photo-1490481651871-ab68de25d43d?w=400&h=300&fit=crop,https://images.unsplash.com/photo-1539533018447-63fcce2678e3?w=400&h=300&fit=crop,https://images.unsplash.com/photo-1591047139829-d91aecb6caea?w=400&h=300&fit=crop,https://images.unsplash.com/photo-1551488831-00ddcb6c6bd3?w=400&h=300&fit=crop,https://images.unsplash.com/photo-1562157873-818bc0726f68?w=400&h=300&fit=crop,https://images.unsplash.com/photo-1467043237213-65f2da53396f?w=400&h=300&fit=crop','Helsinki Fashion District, Aleksanterinkatu 52, 00100 Helsinki','Mon-Fri: 10:00-18:00, Sat: 11:00-16:00','Nordic Threads is a sustainable fashion brand offering eco-friendly clothing made from organic materials. Our summer collection features lightweight fabrics perfect for the Finnish summer.','Create 3 Instagram posts and 5 stories featuring our summer collection. Show different outfit combinations and highlight the sustainable materials. Tag @nordicthreads and use #SustainableSummer.','Free products from our summer collection (worth €300), €500 compensation, professional photoshoot opportunity, featured on our website.','1. Visit our Helsinki showroom to select your items\n2. Create content within 2 weeks of receiving products\n3. Submit draft posts for approval before publishing\n4. Include our brand tags and hashtags\n5. Share engagement metrics after 7 days',NULL,'€500 + Free Products (€300 value)',500.00,'2025-11-20','2025-11-28','any',18,35,'Helsinki, Espoo, Vantaa','Fashion',5,0,'active',1,'2025-11-20 10:39:23','2025-11-20 13:09:10'),(2,1,1,'Healthy Meal Prep Collaboration','Partner with FreshBowl to showcase our new ready-to-eat healthy meal range. Perfect for fitness and lifestyle influencers!','https://images.unsplash.com/photo-1546069901-ba9599a7e63c?w=1200&h=600&fit=crop','https://images.unsplash.com/photo-1546069901-ba9599a7e63c?w=400&h=300&fit=crop','https://images.unsplash.com/photo-1512621776951-a57141f2eefd?w=400&h=300&fit=crop,https://images.unsplash.com/photo-1547592180-85f173990554?w=400&h=300&fit=crop,https://images.unsplash.com/photo-1567620905732-2d1ec7ab7445?w=400&h=300&fit=crop','FreshBowl HQ, Mannerheimintie 12, 00100 Helsinki','Daily: 8:00-20:00','FreshBowl delivers nutritious, chef-prepared meals across Helsinki. All meals are under 500 calories, packed with protein, and made fresh daily.','Create TikTok videos showing meal unboxing, taste tests, and daily meal prep routines. Minimum 3 TikToks with our products. Show the convenience and taste of our meals.','1 month free meal subscription (worth €400), €600 cash compensation, exclusive discount code for your followers (you earn 10% commission)','1. Receive your FreshBowl delivery\n2. Create authentic content showing your experience\n3. Focus on taste, convenience, and nutrition\n4. Post during peak hours (12:00-14:00, 18:00-20:00)\n5. Use trending sounds when possible\n6. Tag @freshbowl_fi',NULL,'€600 + 1 Month Subscription (€400 value) + Commission',600.00,'2024-06-15','2024-07-31','any',20,40,'Helsinki, Espoo','Healthy Lifestyle',8,0,'active',1,'2025-11-20 10:39:23','2025-11-20 10:39:23'),(3,1,1,'Fitness Studio Grand Opening','Join us in promoting the grand opening of PowerHouse Fitness, Helsinki\'s newest premium fitness studio!','https://images.unsplash.com/photo-1534438327276-14e5300c3a48?w=1200&h=600&fit=crop','https://images.unsplash.com/photo-1534438327276-14e5300c3a48?w=400&h=300&fit=crop','https://images.unsplash.com/photo-1571019614242-c5c5dee9f50b?w=400&h=300&fit=crop,https://images.unsplash.com/photo-1584466977773-e625c37cdd50?w=400&h=300&fit=crop,https://images.unsplash.com/photo-1558017487-06bf9f82613a?w=400&h=300&fit=crop','PowerHouse Fitness, Kamppi Shopping Center, 00100 Helsinki','Mon-Fri: 6:00-22:00, Weekends: 8:00-20:00','State-of-the-art fitness studio with premium equipment, personal trainers, and group classes. Opening June 2024 in the heart of Helsinki.','Attend our launch event, try our facilities, and create Instagram Reels showing your workout experience. Minimum 2 Reels + 3 Stories.','Free 3-month platinum membership (€450 value), €400 compensation, personal training session, exclusive merchandise','1. Attend grand opening event on June 1st\n2. Tour the facilities and try different equipment\n3. Participate in a group class\n4. Create dynamic Reels showing your experience\n5. Highlight unique features (sauna, recovery room, etc.)\n6. Post within 48 hours of event',NULL,'€400 + 3-Month Membership (€450 value)',400.00,'2024-06-01','2024-06-10','any',18,45,'Helsinki','Fitness & Yoga',10,0,'active',1,'2025-11-20 10:39:23','2025-11-20 10:39:23'),(4,1,1,'Artisan Coffee Shop Campaign','Promote Roast & Ritual, Helsinki\'s coziest coffee spot specializing in specialty coffee and homemade pastries.','https://images.unsplash.com/photo-1495474472287-4d71bcdd2085?w=1200&h=600&fit=crop','https://images.unsplash.com/photo-1495474472287-4d71bcdd2085?w=400&h=300&fit=crop','https://images.unsplash.com/photo-1509042239860-f550ce710b93?w=400&h=300&fit=crop,https://images.unsplash.com/photo-1517487881594-2787fef5ebf7?w=400&h=300&fit=crop,https://images.unsplash.com/photo-1442512595331-e89e73853f31?w=400&h=300&fit=crop','Roast & Ritual, Punavuorenkatu 8, 00120 Helsinki','Mon-Fri: 7:00-19:00, Weekends: 9:00-18:00','A cozy café in Punavuori serving ethically sourced specialty coffee, homemade pastries, and light lunches. Perfect Instagram-worthy interior with vintage décor.','Visit our café, capture the atmosphere, and create content featuring our signature drinks and pastries. Focus on the aesthetic, taste, and cozy vibe.','€50 café credit, €300 compensation, featured on our Instagram, monthly collaboration opportunity','1. Visit during a weekday morning (best lighting)\n2. Order our signature items: Flat White, Cardamom Bun\n3. Capture the café ambiance and details\n4. Create 2-3 high-quality Instagram posts\n5. Write genuine captions about your experience\n6. Tag location and use #RoastAndRitual',NULL,'€300 + €50 Café Credit',300.00,'2024-06-01','2024-07-31','any',22,40,'Helsinki','Coffee & Tea & Beverages',3,0,'active',1,'2025-11-20 10:39:23','2025-11-20 10:39:23'),(5,1,1,'Sustainable Beauty Products Launch','Help us launch GreenGlow\'s new line of eco-friendly skincare products made with Nordic botanicals.','https://images.unsplash.com/photo-1556228720-195a672e8a03?w=1200&h=600&fit=crop','https://images.unsplash.com/photo-1556228720-195a672e8a03?w=400&h=300&fit=crop','https://images.unsplash.com/photo-1598440947619-2c35fc9aa908?w=400&h=300&fit=crop,https://images.unsplash.com/photo-1571781926291-c477ebfd024b?w=400&h=300&fit=crop,https://images.unsplash.com/photo-1608248543803-ba4f8c70ae0b?w=400&h=300&fit=crop','GreenGlow Studio, Fredrikinkatu 42, 00120 Helsinki','By appointment only','Finnish skincare brand using locally sourced, organic ingredients. Our products are vegan, cruelty-free, and packaged in recyclable materials.','Create YouTube video and Instagram content showing your skincare routine with our products. Document your experience over 4 weeks, showing before/after results.','Full product collection (worth €200), €700 compensation, professional product photography, affiliate partnership opportunity','1. Receive product package and information materials\n2. Use products consistently for 4 weeks\n3. Document your routine and results\n4. Create 1 YouTube video (8-12 minutes)\n5. Create 4 Instagram Reels throughout the month\n6. Be honest about your experience\n7. Highlight sustainability aspects',NULL,'€700 + Product Collection (€200 value)',700.00,'2024-06-10','2024-08-31','female',20,45,'Helsinki, Espoo, Turku','Beauty & Cosmetics',4,0,'active',1,'2025-11-20 10:39:23','2025-11-20 10:39:23'),(6,1,1,'Summer Fashion Collection Launch','Promote our new summer collection featuring vibrant colors and sustainable fabrics','https://images.unsplash.com/photo-1483985988355-763728e1935b?w=800&h=600&fit=crop',NULL,'https://images.unsplash.com/photo-1483985988355-763728e1935b?w=400&h=300&fit=crop,https://images.unsplash.com/photo-1469334031218-e382a71b716b?w=400&h=300&fit=crop,https://images.unsplash.com/photo-1445205170230-053b83016050?w=400&h=300&fit=crop',NULL,NULL,NULL,'3 Instagram posts, 5 stories, Minimum 10k followers on Instagram','Complete summer collection worth Ôé¼500, Cash payment Ôé¼500','Tag us and use #SummerVibes2025',NULL,'Products + Ôé¼500 per influencer',2500.00,'2025-06-01','2025-08-31','any',NULL,NULL,'Helsinki, Finland','Fashion',5,0,'active',1,'2025-11-20 14:43:57','2025-11-20 14:43:57'),(7,1,1,'Organic Skincare Revolution','Launch our new organic skincare line with natural ingredients','https://images.unsplash.com/photo-1556228578-0d85b1a4d571?w=800&h=600&fit=crop',NULL,NULL,NULL,NULL,NULL,'2 Instagram posts, 3 Reels, Beauty content creators','Organic skincare collection valued at Ôé¼300','Show before/after results',NULL,'Full product collection worth Ôé¼300',1800.00,'2025-07-01','2025-09-30','any',NULL,NULL,'Tampere, Finland','Beauty',3,0,'active',1,'2025-11-20 14:43:57','2025-11-20 14:43:57'),(8,1,1,'Makeup Tutorial Challenge','Create stunning makeup looks using our new palette','https://images.unsplash.com/photo-1512496015851-a90fb38ba796?w=800&h=600&fit=crop',NULL,NULL,NULL,NULL,NULL,'1 YouTube tutorial, 5 Instagram posts, Professional makeup skills','Cash payment Ôé¼400, Professional makeup palette','Creative and engaging content',NULL,'Ôé¼400 per influencer + products',3200.00,'2025-06-15','2025-08-15','any',NULL,NULL,'Helsinki, Finland','Beauty',8,0,'active',1,'2025-11-20 14:43:57','2025-11-20 14:43:57'),(9,1,1,'Natural Beauty Campaign','Promote our chemical-free beauty products','https://images.unsplash.com/photo-1596462502278-27bfdc403348?w=800&h=600&fit=crop',NULL,NULL,NULL,NULL,NULL,'3 TikTok videos, 4 Instagram posts, Eco-conscious influencers','Complete natural beauty product line','Focus on sustainability',NULL,'Products worth Ôé¼500 each',2000.00,'2025-07-10','2025-10-10','any',NULL,NULL,'Turku, Finland','Beauty',4,0,'active',1,'2025-11-20 14:43:57','2025-11-20 14:43:57'),(10,1,1,'Glamour Night Collection','Showcase our evening makeup collection','https://images.unsplash.com/photo-1487412947147-5cebf100ffc2?w=800&h=600&fit=crop',NULL,NULL,NULL,NULL,NULL,'2 Instagram Reels, 3 posts, 1 blog, Evening makeup expertise','Cash payment Ôé¼450','Elegant and sophisticated',NULL,'Ôé¼450 per creator',2700.00,'2025-08-01','2025-10-31','any',NULL,NULL,'Helsinki, Finland','Beauty',6,0,'active',1,'2025-11-20 14:43:57','2025-11-20 14:43:57'),(11,1,1,'Skincare Routine Series','Share your daily skincare routine with our products','https://images.unsplash.com/photo-1570172619644-dfd03ed5d881?w=800&h=600&fit=crop',NULL,NULL,NULL,NULL,NULL,'5 Instagram stories daily for a week, Skincare enthusiasts','Premium skincare set valued at Ôé¼450','Educational content',NULL,'Complete skincare set Ôé¼450',2250.00,'2025-06-20','2025-09-20','any',NULL,NULL,'Espoo, Finland','Beauty',5,0,'active',1,'2025-11-20 14:43:57','2025-11-20 14:43:57'),(12,1,1,'Cruelty-Free Beauty Movement','Promote our cruelty-free certified products','https://images.unsplash.com/photo-1522335789203-aabd1fc54bc9?w=800&h=600&fit=crop',NULL,NULL,NULL,NULL,NULL,'3 Instagram posts, 2 TikToks, Animal rights advocates','Cruelty-free product collection','Spread awareness',NULL,'Ôé¼400 product package',1600.00,'2025-07-15','2025-10-15','any',NULL,NULL,'Oulu, Finland','Beauty',4,0,'active',1,'2025-11-20 14:43:57','2025-11-20 14:43:57'),(13,1,1,'Summer Glow Campaign','Achieve the perfect summer glow with our bronzers','https://images.unsplash.com/photo-1526045478516-99145907023c?w=800&h=600&fit=crop',NULL,NULL,NULL,NULL,NULL,'4 Instagram posts, 3 Reels, Summer beauty content','Cash Ôé¼400 plus summer collection','Beachy vibes',NULL,'Ôé¼400 + products',2800.00,'2025-06-01','2025-08-31','any',NULL,NULL,'Vantaa, Finland','Beauty',7,0,'active',1,'2025-11-20 14:43:57','2025-11-20 14:43:57'),(14,1,1,'Lipstick Love Collection','Try all 20 shades of our new lipstick line','https://images.unsplash.com/photo-1586495777744-4413f21062fa?w=800&h=600&fit=crop',NULL,NULL,NULL,NULL,NULL,'10 Instagram posts (1 per shade), Lipstick enthusiasts','Complete 20-shade lipstick collection','Creative lip art welcome',NULL,'Full lipstick collection Ôé¼400',4000.00,'2025-07-01','2025-09-30','any',NULL,NULL,'Helsinki, Finland','Beauty',10,0,'active',1,'2025-11-20 14:43:57','2025-11-20 14:43:57'),(15,1,1,'Fitness Journey Transformation','Document your fitness journey with our sportswear','https://images.unsplash.com/photo-1534438327276-14e5300c3a48?w=800&h=600&fit=crop',NULL,NULL,NULL,NULL,NULL,'2 posts per week for 6 months, Fitness trainers','Premium athletic wear collection','Show real results',NULL,'Complete workout gear Ôé¼600',3000.00,'2025-06-01','2025-12-31','any',NULL,NULL,'Helsinki, Finland','Fitness',5,0,'active',1,'2025-11-20 14:43:57','2025-11-20 14:43:57'),(16,1,1,'Marathon Training Series','Train for a marathon in our running gear','https://images.unsplash.com/photo-1552674605-db6ffd4facb5?w=800&h=600&fit=crop',NULL,NULL,NULL,NULL,NULL,'Weekly training vlogs, Marathon runners','Cash payment Ôé¼700','Track your progress',NULL,'Ôé¼700 per runner',2100.00,'2025-07-01','2025-10-31','any',NULL,NULL,'Tampere, Finland','Fitness',3,0,'active',1,'2025-11-20 14:43:57','2025-11-20 14:43:57'),(17,1,1,'Yoga Retreat Campaign','Promote our yoga apparel line','https://images.unsplash.com/photo-1544367567-0f2fcb009e0b?w=800&h=600&fit=crop',NULL,NULL,NULL,NULL,NULL,'3 Instagram posts, 5 Stories, Yoga instructors','Complete yoga apparel set','Peaceful and zen content',NULL,'Yoga outfit collection Ôé¼400',1600.00,'2025-06-15','2025-09-15','any',NULL,NULL,'Turku, Finland','Fitness',4,0,'active',1,'2025-11-20 14:43:57','2025-11-20 14:43:57'),(18,1,1,'CrossFit Challenge','Show intense workouts in our performance wear','https://images.unsplash.com/photo-1517836357463-d25dfeac3438?w=800&h=600&fit=crop',NULL,NULL,NULL,NULL,NULL,'2 workout videos per week, CrossFit athletes','Cash Ôé¼500 plus performance gear','High energy content',NULL,'Ôé¼500 + gear',3000.00,'2025-07-10','2025-10-10','any',NULL,NULL,'Helsinki, Finland','Fitness',6,0,'active',1,'2025-11-20 14:43:57','2025-11-20 14:43:57'),(19,1,1,'Home Workout Revolution','Demonstrate home exercises with our equipment','https://images.unsplash.com/photo-1518611012118-696072aa579a?w=800&h=600&fit=crop',NULL,NULL,NULL,NULL,NULL,'3 TikTok videos per week, Home fitness coaches','Complete home gym equipment','Easy to follow routines',NULL,'Home gym set Ôé¼400',3200.00,'2025-06-20','2025-09-20','any',NULL,NULL,'Espoo, Finland','Fitness',8,0,'active',1,'2025-11-20 14:43:57','2025-11-20 14:43:57'),(20,1,1,'Cycling Adventure Series','Explore Finland on our premium bikes','https://images.unsplash.com/photo-1558618666-fcd25c85cd64?w=800&h=600&fit=crop',NULL,NULL,NULL,NULL,NULL,'1 YouTube vlog per week, Cycling enthusiasts','Cash payment Ôé¼600','Scenic routes',NULL,'Ôé¼600 per cyclist',2400.00,'2025-07-01','2025-10-31','any',NULL,NULL,'Oulu, Finland','Fitness',4,0,'active',1,'2025-11-20 14:43:57','2025-11-20 14:43:57'),(21,1,1,'Weight Loss Journey','Share your weight loss story with our program','https://images.unsplash.com/photo-1571019614242-c5c5dee9f50b?w=800&h=600&fit=crop',NULL,NULL,NULL,NULL,NULL,'Bi-weekly update posts, Weight loss transformers','Full program with supplements','Motivational content',NULL,'Program access + supplements Ôé¼500',2500.00,'2025-08-01','2025-12-31','any',NULL,NULL,'Vantaa, Finland','Fitness',5,0,'active',1,'2025-11-20 14:43:57','2025-11-20 14:43:57'),(22,1,1,'Swimming Performance Campaign','Showcase our swimwear technology','https://images.unsplash.com/photo-1530549387789-4c1017266635?w=800&h=600&fit=crop',NULL,NULL,NULL,NULL,NULL,'2 Instagram posts, 3 pool videos, Competitive swimmers','Performance swimwear set','Performance focused',NULL,'Swimwear collection Ôé¼500',1500.00,'2025-06-01','2025-08-31','any',NULL,NULL,'Helsinki, Finland','Fitness',3,0,'active',1,'2025-11-20 14:43:57','2025-11-20 14:43:57'),(23,1,1,'Outdoor Adventure Fitness','Hiking and outdoor workouts in our gear','https://images.unsplash.com/photo-1551632811-561732d1e306?w=800&h=600&fit=crop',NULL,NULL,NULL,NULL,NULL,'4 Instagram posts, 2 YouTube vlogs, Outdoor enthusiasts','Cash Ôé¼500 plus outdoor equipment','Nature and fitness combined',NULL,'Ôé¼500 + outdoor gear',2000.00,'2025-07-15','2025-09-30','any',NULL,NULL,'Lapland, Finland','Fitness',4,0,'active',1,'2025-11-20 14:43:57','2025-11-20 14:43:57'),(24,1,1,'Dance Fitness Revolution','Create dance workout videos with our apparel','https://images.unsplash.com/photo-1524594152303-9fd13543fe6e?w=800&h=600&fit=crop',NULL,NULL,NULL,NULL,NULL,'5 TikTok dance workouts, Dance instructors','Professional dance wear','Fun and energetic',NULL,'Dance wear Ôé¼400 each',2800.00,'2025-06-10','2025-09-10','any',NULL,NULL,'Helsinki, Finland','Fitness',7,0,'active',1,'2025-11-20 14:43:57','2025-11-20 14:43:57'),(25,1,1,'Gourmet Coffee Experience','Review our specialty coffee blends','https://images.unsplash.com/photo-1495474472287-4d71bcdd2085?w=800&h=600&fit=crop',NULL,NULL,NULL,NULL,NULL,'3 Instagram posts, 2 Reels, Coffee enthusiasts','Premium coffee blend collection','Share brewing tips',NULL,'Coffee collection Ôé¼400',2400.00,'2025-06-01','2025-08-31','any',NULL,NULL,'Helsinki, Finland','Food & Beverage',6,0,'active',1,'2025-11-20 14:43:57','2025-11-20 14:43:57'),(26,1,1,'Vegan Recipe Challenge','Create delicious vegan recipes with our products','https://images.unsplash.com/photo-1512621776951-a57141f2eefd?w=800&h=600&fit=crop',NULL,NULL,NULL,NULL,NULL,'5 recipe videos, 10 posts, Vegan food bloggers','Cash payment Ôé¼400','Creative and tasty',NULL,'Ôé¼400 per recipe creator',3200.00,'2025-07-01','2025-10-31','any',NULL,NULL,'Tampere, Finland','Food & Beverage',8,0,'active',1,'2025-11-20 14:43:57','2025-11-20 14:43:57'),(27,1,1,'Craft Beer Tasting Tour','Taste and review our microbrewery beers','https://images.unsplash.com/photo-1535958636474-b021ee887b13?w=800&h=600&fit=crop',NULL,NULL,NULL,NULL,NULL,'3 YouTube reviews, 5 Instagram posts, Beer enthusiasts (21+)','Beer tasting package','Detailed tasting notes',NULL,'Beer tasting package Ôé¼500',2000.00,'2025-06-15','2025-09-15','any',NULL,NULL,'Turku, Finland','Food & Beverage',4,0,'active',1,'2025-11-20 14:43:57','2025-11-20 14:43:57'),(28,1,1,'Healthy Meal Prep Series','Show meal prep with our containers and products','https://images.unsplash.com/photo-1547592166-23ac45744acd?w=800&h=600&fit=crop',NULL,NULL,NULL,NULL,NULL,'Weekly meal prep videos, Meal prep influencers','Complete meal prep kit','Nutritional info included',NULL,'Meal prep kit Ôé¼450',2250.00,'2025-07-10','2025-10-10','any',NULL,NULL,'Espoo, Finland','Food & Beverage',5,0,'active',1,'2025-11-20 14:43:57','2025-11-20 14:43:57'),(29,1,1,'Dessert Heaven Campaign','Create stunning desserts with our baking products','https://images.unsplash.com/photo-1551024506-0bccd828d307?w=800&h=600&fit=crop',NULL,NULL,NULL,NULL,NULL,'3 dessert tutorials per month, Pastry chefs & bakers','Cash payment Ôé¼400','Visually appealing',NULL,'Ôé¼400 per baker',4000.00,'2025-06-20','2025-09-20','any',NULL,NULL,'Helsinki, Finland','Food & Beverage',10,0,'active',1,'2025-11-20 14:43:57','2025-11-20 14:43:57'),(30,1,1,'Organic Tea Collection','Review our premium organic tea blends','https://images.unsplash.com/photo-1556679343-c7306c1976bc?w=800&h=600&fit=crop',NULL,NULL,NULL,NULL,NULL,'2 Instagram posts per tea type, Tea enthusiasts','Premium organic tea set','Calming aesthetic',NULL,'Tea collection Ôé¼400',1600.00,'2025-07-01','2025-09-30','any',NULL,NULL,'Oulu, Finland','Food & Beverage',4,0,'active',1,'2025-11-20 14:43:57','2025-11-20 14:43:57'),(31,1,1,'BBQ Master Challenge','Showcase our BBQ sauces and grilling tools','https://images.unsplash.com/photo-1555939594-58d7cb561ad1?w=800&h=600&fit=crop',NULL,NULL,NULL,NULL,NULL,'4 grilling videos, 6 posts, Grilling enthusiasts','Complete BBQ kit','Summer cookout vibes',NULL,'BBQ starter kit Ôé¼500',2500.00,'2025-06-01','2025-08-31','any',NULL,NULL,'Vantaa, Finland','Food & Beverage',5,0,'active',1,'2025-11-20 14:43:57','2025-11-20 14:43:57'),(32,1,1,'Smoothie Bowl Art','Create artistic smoothie bowls with our products','https://images.unsplash.com/photo-1590301157890-4810ed352733?w=800&h=600&fit=crop',NULL,NULL,NULL,NULL,NULL,'3 smoothie bowl creations per week, Food artists','Cash Ôé¼400 plus products','Instagram-worthy presentation',NULL,'Ôé¼400 + products',2800.00,'2025-07-15','2025-10-15','any',NULL,NULL,'Helsinki, Finland','Food & Beverage',7,0,'active',1,'2025-11-20 14:43:57','2025-11-20 14:43:57'),(33,1,1,'Artisan Bread Baking','Bake artisan breads with our flour and tools','https://images.unsplash.com/photo-1509440159596-0249088772ff?w=800&h=600&fit=crop',NULL,NULL,NULL,NULL,NULL,'2 baking tutorials per month, Home bakers','Professional baking supplies','Step-by-step guides',NULL,'Baking supplies Ôé¼400',1600.00,'2025-06-10','2025-09-10','any',NULL,NULL,'Tampere, Finland','Food & Beverage',4,0,'active',1,'2025-11-20 14:43:57','2025-11-20 14:43:57'),(34,1,1,'Energy Drink Challenge','Test our new energy drinks during workouts','https://images.unsplash.com/photo-1622543925917-763c34f5a1e7?w=800&h=600&fit=crop',NULL,NULL,NULL,NULL,NULL,'2 workout videos per week, Fitness influencers','Energy drink 3-month supply','Energy and performance focus',NULL,'3-month supply Ôé¼400',2400.00,'2025-08-01','2025-10-31','any',NULL,NULL,'Helsinki, Finland','Food & Beverage',6,0,'active',1,'2025-11-20 14:43:57','2025-11-20 14:43:57'),(35,1,1,'Smart Home Revolution','Review our smart home devices','https://images.unsplash.com/photo-1558002038-1055907df827?w=800&h=600&fit=crop',NULL,NULL,NULL,NULL,NULL,'1 detailed review video, 3 posts, Tech reviewers','Complete smart home setup','Technical and user-friendly',NULL,'Smart home kit Ôé¼600',3000.00,'2025-06-01','2025-08-31','any',NULL,NULL,'Helsinki, Finland','Technology',5,0,'active',1,'2025-11-20 14:43:57','2025-11-20 14:43:57'),(36,1,1,'Gaming Setup Showcase','Build the ultimate gaming setup with our gear','https://images.unsplash.com/photo-1593305841991-05c297ba4575?w=800&h=600&fit=crop',NULL,NULL,NULL,NULL,NULL,'1 setup tour, 3 gaming streams, Gaming influencers','Cash payment Ôé¼700','RGB everything',NULL,'Ôé¼700 per gamer',2800.00,'2025-07-01','2025-10-31','any',NULL,NULL,'Tampere, Finland','Technology',4,0,'active',1,'2025-11-20 14:43:57','2025-11-20 14:43:57'),(37,1,1,'Smartphone Photography Course','Teach mobile photography with our accessories','https://images.unsplash.com/photo-1511707171634-5f897ff02aa9?w=800&h=600&fit=crop',NULL,NULL,NULL,NULL,NULL,'5 tutorial videos, Mobile photographers','Mobile photography accessories','Tips and techniques',NULL,'Photography kit Ôé¼400',2400.00,'2025-06-15','2025-09-15','any',NULL,NULL,'Turku, Finland','Technology',6,0,'active',1,'2025-11-20 14:43:57','2025-11-20 14:43:57'),(38,1,1,'Wireless Headphones Test','Test our new noise-cancelling headphones','https://images.unsplash.com/photo-1505740420928-5e560c06d30e?w=800&h=600&fit=crop',NULL,NULL,NULL,NULL,NULL,'1 in-depth review, 2 comparison videos, Audio enthusiasts','Noise-cancelling headphones','Sound quality focus',NULL,'Premium headphones Ôé¼400',3200.00,'2025-07-10','2025-10-10','any',NULL,NULL,'Espoo, Finland','Technology',8,0,'active',1,'2025-11-20 14:43:57','2025-11-20 14:43:57'),(39,1,1,'Laptop Review Campaign','Review our new ultrabook line','https://images.unsplash.com/photo-1496181133206-80ce9b88a853?w=800&h=600&fit=crop',NULL,NULL,NULL,NULL,NULL,'1 comprehensive review, Tech YouTubers','Cash payment Ôé¼900','Performance benchmarks',NULL,'Ôé¼900 per reviewer',2700.00,'2025-06-20','2025-09-20','any',NULL,NULL,'Helsinki, Finland','Technology',3,0,'active',1,'2025-11-20 14:43:57','2025-11-20 14:43:57'),(40,1,1,'Drone Photography Challenge','Capture stunning aerial footage with our drones','https://images.unsplash.com/photo-1473968512647-3e447244af8f?w=800&h=600&fit=crop',NULL,NULL,NULL,NULL,NULL,'5 aerial videos, 10 photos, Drone pilots','High-end drone equipment','Cinematic quality',NULL,'Professional drone Ôé¼700',3500.00,'2025-07-01','2025-10-31','any',NULL,NULL,'Oulu, Finland','Technology',5,0,'active',1,'2025-11-20 14:43:57','2025-11-20 14:43:57'),(41,1,1,'Wearable Tech Review','Test our new smartwatch features','https://images.unsplash.com/photo-1523275335684-37898b6baf30?w=800&h=600&fit=crop',NULL,NULL,NULL,NULL,NULL,'1 review video, 3 posts, Tech enthusiasts','Latest smartwatch model','Feature showcase',NULL,'Smartwatch Ôé¼400',2400.00,'2025-06-01','2025-08-31','any',NULL,NULL,'Vantaa, Finland','Technology',6,0,'active',1,'2025-11-20 14:43:57','2025-11-20 14:43:57'),(42,1,1,'Coding Bootcamp Promo','Promote our online coding courses','https://images.unsplash.com/photo-1498050108023-c5249f4df085?w=800&h=600&fit=crop',NULL,NULL,NULL,NULL,NULL,'3 educational videos, Coding educators','Cash Ôé¼400 plus course','Beginner-friendly',NULL,'Ôé¼400 + free course access',3200.00,'2025-07-15','2025-10-15','any',NULL,NULL,'Helsinki, Finland','Technology',8,0,'active',1,'2025-11-20 14:43:57','2025-11-20 14:43:57'),(43,1,1,'VR Gaming Experience','Showcase VR games with our headsets','https://images.unsplash.com/photo-1592478411213-6153e4ebc07d?w=800&h=600&fit=crop',NULL,NULL,NULL,NULL,NULL,'4 gameplay videos, VR enthusiasts','Complete VR gaming setup','Immersive experience',NULL,'VR headset Ôé¼500',2000.00,'2025-06-10','2025-09-10','any',NULL,NULL,'Tampere, Finland','Technology',4,0,'active',1,'2025-11-20 14:43:57','2025-11-20 14:43:57'),(44,1,1,'Productivity Apps Review','Review our productivity software suite','https://images.unsplash.com/photo-1484480974693-6ca0a78fb36b?w=800&h=600&fit=crop',NULL,NULL,NULL,NULL,NULL,'1 detailed review, 5 tips posts, Productivity influencers','Cash payment Ôé¼400','Real-world usage',NULL,'Ôé¼400 per review',2800.00,'2025-08-01','2025-10-31','any',NULL,NULL,'Helsinki, Finland','Technology',7,0,'active',1,'2025-11-20 14:43:57','2025-11-20 14:43:57'),(45,1,1,'Nordic Adventure Tour','Explore Nordic countries with our travel gear','https://images.unsplash.com/photo-1527004013197-933c4bb611b3?w=800&h=600&fit=crop',NULL,NULL,NULL,NULL,NULL,'1 travel vlog per location, Travel bloggers','Complete travel gear set','Authentic experiences',NULL,'Travel gear Ôé¼700',3500.00,'2025-06-01','2025-09-30','any',NULL,NULL,'Helsinki, Finland','Travel',5,0,'active',1,'2025-11-20 14:43:57','2025-11-20 14:43:57'),(46,1,1,'Luxury Hotel Reviews','Stay and review luxury hotels in Finland','https://images.unsplash.com/photo-1566073771259-6a8506099945?w=800&h=600&fit=crop',NULL,NULL,NULL,NULL,NULL,'1 detailed hotel review, Luxury travel influencers','Cash payment Ôé¼800','Comprehensive coverage',NULL,'Ôé¼800 per hotel',3200.00,'2025-07-01','2025-10-31','any',NULL,NULL,'Multiple Cities','Travel',4,0,'active',1,'2025-11-20 14:43:57','2025-11-20 14:43:57'),(47,1,1,'Backpacking Europe Series','Document budget travel across Europe','https://images.unsplash.com/photo-1488646953014-85cb44e25828?w=800&h=600&fit=crop',NULL,NULL,NULL,NULL,NULL,'Weekly travel vlogs, Budget travelers','Cash Ôé¼400 plus backpack','Money-saving tips',NULL,'Ôé¼400 + gear',2400.00,'2025-06-15','2025-09-15','any',NULL,NULL,'Europe','Travel',6,0,'active',1,'2025-11-20 14:43:57','2025-11-20 14:43:57'),(48,1,1,'Sustainable Travel Campaign','Promote eco-friendly travel practices','https://images.unsplash.com/photo-1476514525535-07fb3b4ae5f1?w=800&h=600&fit=crop',NULL,NULL,NULL,NULL,NULL,'3 sustainable travel guides, Eco-travelers','Cash payment Ôé¼500','Environmental focus',NULL,'Ôé¼500 per influencer',2500.00,'2025-07-10','2025-10-10','any',NULL,NULL,'Finland','Travel',5,0,'active',1,'2025-11-20 14:43:57','2025-11-20 14:43:57'),(49,1,1,'Road Trip Finland','Explore Finland by road with our rental service','https://images.unsplash.com/photo-1469854523086-cc02fe5d8800?w=800&h=600&fit=crop',NULL,NULL,NULL,NULL,NULL,'1 YouTube road trip series, Travel vloggers','Rental car plus cash','Hidden gems',NULL,'Free car rental + Ôé¼700',2800.00,'2025-06-20','2025-08-31','any',NULL,NULL,'Finland','Travel',4,0,'active',1,'2025-11-20 14:43:57','2025-11-20 14:43:57'),(50,1,1,'Winter Wonderland Experience','Capture winter activities in Lapland','https://images.unsplash.com/photo-1483691278019-cb7253bee49f?w=800&h=600&fit=crop',NULL,NULL,NULL,NULL,NULL,'5 winter activity videos, Winter sports influencers','Cash payment Ôé¼1333','Northern lights',NULL,'Ôé¼1333 per person',4000.00,'2025-12-01','2026-02-28','any',NULL,NULL,'Lapland, Finland','Travel',3,0,'active',1,'2025-11-20 14:43:57','2025-11-20 14:43:57'),(51,1,1,'Foodie Travel Guide','Create food travel guides for Finnish cities','https://images.unsplash.com/photo-1504674900247-0877df9cc836?w=800&h=600&fit=crop',NULL,NULL,NULL,NULL,NULL,'1 food guide per city, Food travel bloggers','Cash payment Ôé¼400','Local cuisine focus',NULL,'Ôé¼400 per city',3200.00,'2025-07-01','2025-10-31','any',NULL,NULL,'Finland','Travel',8,0,'active',1,'2025-11-20 14:43:57','2025-11-20 14:43:57'),(52,1,1,'Adventure Sports Tourism','Document adventure sports in Finland','https://images.unsplash.com/photo-1452421822248-d4c2b47f0c81?w=800&h=600&fit=crop',NULL,NULL,NULL,NULL,NULL,'3 adventure sport videos, Adrenaline junkies','Cash payment Ôé¼500','Safety first',NULL,'Ôé¼500 per adventure',2500.00,'2025-06-01','2025-09-30','any',NULL,NULL,'Finland','Travel',5,0,'active',1,'2025-11-20 14:43:57','2025-11-20 14:43:57'),(53,1,1,'Digital Nomad Lifestyle','Show remote work locations in Finland','https://images.unsplash.com/photo-1488646953014-85cb44e25828?w=800&h=600&fit=crop',NULL,NULL,NULL,NULL,NULL,'4 work-travel balance videos, Digital nomads','Cash payment Ôé¼400','WiFi and workspace tips',NULL,'Ôé¼400 per location',2400.00,'2025-07-15','2025-10-15','any',NULL,NULL,'Finland','Travel',6,0,'active',1,'2025-11-20 14:43:57','2025-11-20 14:43:57'),(54,1,1,'Cultural Heritage Tour','Explore Finnish cultural sites and traditions','https://images.unsplash.com/photo-1503220317375-aaad61436b1b?w=800&h=600&fit=crop',NULL,NULL,NULL,NULL,NULL,'3 cultural documentary videos, Culture enthusiasts','Cash payment Ôé¼500','Historical context',NULL,'Ôé¼500 per tour',2000.00,'2025-08-01','2025-10-31','any',NULL,NULL,'Finland','Travel',4,0,'active',1,'2025-11-20 14:43:57','2025-11-20 14:43:57'),(55,1,1,'Minimalist Home Makeover','Transform spaces with our minimalist furniture','https://images.unsplash.com/photo-1484101403633-562f891dc89a?w=800&h=600&fit=crop',NULL,NULL,NULL,NULL,NULL,'1 transformation video, 5 posts, Interior designers','Complete room furniture','Clean aesthetic',NULL,'Furniture set Ôé¼600',3000.00,'2025-06-01','2025-09-30','any',NULL,NULL,'Helsinki, Finland','Home & Decor',5,0,'active',1,'2025-11-20 14:43:57','2025-11-20 14:43:57'),(56,1,1,'Smart Lighting Solutions','Showcase our smart lighting systems','https://images.unsplash.com/photo-1513506003901-1e6a229e2d15?w=800&h=600&fit=crop',NULL,NULL,NULL,NULL,NULL,'1 installation guide, 3 ambiance videos, Home tech enthusiasts','Smart lighting kit','Different moods',NULL,'Ôé¼400 per home',2400.00,'2025-07-01','2025-10-31','any',NULL,NULL,'Tampere, Finland','Home & Decor',6,0,'active',1,'2025-11-20 14:43:57','2025-11-20 14:43:57'),(57,1,1,'Indoor Plant Paradise','Create green spaces with our plant collections','https://images.unsplash.com/photo-1463320726281-696a485928c7?w=800&h=600&fit=crop',NULL,NULL,NULL,NULL,NULL,'3 plant care guides, 5 styling posts, Plant influencers','Plant collection','Plant care tips',NULL,'Ôé¼400 worth of plants',3200.00,'2025-06-15','2025-09-15','any',NULL,NULL,'Turku, Finland','Home & Decor',8,0,'active',1,'2025-11-20 14:43:57','2025-11-20 14:43:57'),(58,1,1,'Scandinavian Style Decor','Design rooms with Scandinavian aesthetics','https://images.unsplash.com/photo-1615529328331-f8917597711f?w=800&h=600&fit=crop',NULL,NULL,NULL,NULL,NULL,'1 room tour, 4 styling videos, Interior stylists','Decor items Ôé¼500','Nordic simplicity',NULL,'Ôé¼500 decor budget',2500.00,'2025-07-10','2025-10-10','any',NULL,NULL,'Helsinki, Finland','Home & Decor',5,0,'active',1,'2025-11-20 14:43:57','2025-11-20 14:43:57'),(59,1,1,'DIY Home Projects','Create DIY projects with our tools and materials','https://images.unsplash.com/photo-1581092160562-40aa08e78837?w=800&h=600&fit=crop',NULL,NULL,NULL,NULL,NULL,'5 project tutorials, DIY enthusiasts','DIY starter kit','Step-by-step instructions',NULL,'Ôé¼400 tools & materials',2800.00,'2025-06-20','2025-09-20','any',NULL,NULL,'Espoo, Finland','Home & Decor',7,0,'active',1,'2025-11-20 14:43:57','2025-11-20 14:43:57'),(60,1,1,'Luxury Bedding Collection','Review our premium bedding line','https://images.unsplash.com/photo-1505693416388-ac5ce068fe85?w=800&h=600&fit=crop',NULL,NULL,NULL,NULL,NULL,'1 unboxing, 2 review posts, Lifestyle bloggers','Luxury bedding set','Comfort focus',NULL,'Bedding set Ôé¼400',1600.00,'2025-07-01','2025-09-30','any',NULL,NULL,'Oulu, Finland','Home & Decor',4,0,'active',1,'2025-11-20 14:43:57','2025-11-20 14:43:57'),(61,1,1,'Kitchen Organization System','Organize kitchens with our storage solutions','https://images.unsplash.com/photo-1556911220-bff31c812dba?w=800&h=600&fit=crop',NULL,NULL,NULL,NULL,NULL,'1 before/after, 3 organization tips, Organization experts','Kitchen organization kit','Functional beauty',NULL,'Ôé¼400 storage systems',2400.00,'2025-06-01','2025-08-31','any',NULL,NULL,'Vantaa, Finland','Home & Decor',6,0,'active',1,'2025-11-20 14:43:57','2025-11-20 14:43:57'),(62,1,1,'Cozy Reading Nook Design','Create perfect reading spaces','https://images.unsplash.com/photo-1481627834876-b7833e8f5570?w=800&h=600&fit=crop',NULL,NULL,NULL,NULL,NULL,'1 transformation video, 4 cozy posts, Bookstagrammers','Reading nook essentials','Cozy atmosphere',NULL,'Ôé¼500 furniture & decor',2500.00,'2025-07-15','2025-10-15','any',NULL,NULL,'Helsinki, Finland','Home & Decor',5,0,'active',1,'2025-11-20 14:43:57','2025-11-20 14:43:57'),(63,1,1,'Wall Art Collection','Style walls with our art pieces','https://images.unsplash.com/photo-1513519245088-0e12902e35ca?w=800&h=600&fit=crop',NULL,NULL,NULL,NULL,NULL,'3 styling videos, 5 posts, Art enthusiasts','Wall art collection','Gallery wall tips',NULL,'Ôé¼400 art budget',2400.00,'2025-06-10','2025-09-10','any',NULL,NULL,'Tampere, Finland','Home & Decor',6,0,'active',1,'2025-11-20 14:43:57','2025-11-20 14:43:57'),(64,1,1,'Sustainable Home Products','Showcase eco-friendly home products','https://images.unsplash.com/photo-1556912173-46c336c7fd55?w=800&h=600&fit=crop',NULL,NULL,NULL,NULL,NULL,'4 product reviews, 3 sustainability tips, Eco-conscious influencers','Sustainable product set','Environmental impact',NULL,'Ôé¼500 eco products',2500.00,'2025-08-01','2025-10-31','any',NULL,NULL,'Helsinki, Finland','Home & Decor',5,0,'active',1,'2025-11-20 14:43:57','2025-11-20 14:43:57'),(65,1,1,'Premium Pet Food Review','Test our organic pet food line','https://images.unsplash.com/photo-1450778869180-41d0601e046e?w=800&h=600&fit=crop',NULL,NULL,NULL,NULL,NULL,'3 feeding videos, 5 posts, Pet owners','Cash Ôé¼400 plus 3-month supply','Health benefits focus',NULL,'Ôé¼400 + food supply',3200.00,'2025-06-01','2025-09-30','any',NULL,NULL,'Helsinki, Finland','Pets',8,0,'active',1,'2025-11-20 14:43:57','2025-11-20 14:43:57'),(66,1,1,'Pet Training Series','Create training content with our training tools','https://images.unsplash.com/photo-1537151608828-ea2b11777ee8?w=800&h=600&fit=crop',NULL,NULL,NULL,NULL,NULL,'5 training tutorials, Dog trainers','Cash payment Ôé¼500','Positive reinforcement',NULL,'Ôé¼500 per trainer',2500.00,'2025-07-01','2025-10-31','any',NULL,NULL,'Tampere, Finland','Pets',5,0,'active',1,'2025-11-20 14:43:57','2025-11-20 14:43:57'),(67,1,1,'Cute Pet Photo Contest','Share adorable photos with our pet accessories','https://images.unsplash.com/photo-1548199973-03cce0bbc87b?w=800&h=600&fit=crop',NULL,NULL,NULL,NULL,NULL,'10 styled pet photos, Pet photographers','Cash prizes Ôé¼300','Creative styling',NULL,'Ôé¼300 per winner',3000.00,'2025-06-15','2025-08-15','any',NULL,NULL,'Finland','Pets',10,0,'active',1,'2025-11-20 14:43:57','2025-11-20 14:43:57'),(68,1,1,'Pet Health & Wellness','Promote our pet health products','https://images.unsplash.com/photo-1583511655857-d19b40a7a54e?w=800&h=600&fit=crop',NULL,NULL,NULL,NULL,NULL,'3 health tip videos, 4 posts, Pet care experts','Health product collection','Scientific approach',NULL,'Ôé¼500 worth of products',2000.00,'2025-07-10','2025-10-10','any',NULL,NULL,'Helsinki, Finland','Pets',4,0,'active',1,'2025-11-20 14:43:57','2025-11-20 14:43:57'),(69,1,1,'Pet Travel Adventures','Document travels with pets using our carriers','https://images.unsplash.com/photo-1541364983171-a8ba01e95cfc?w=800&h=600&fit=crop',NULL,NULL,NULL,NULL,NULL,'4 travel vlogs, Pet travel bloggers','Cash Ôé¼500 plus carriers','Safety tips',NULL,'Ôé¼500 + travel gear',2500.00,'2025-06-20','2025-09-20','any',NULL,NULL,'Finland','Pets',5,0,'active',1,'2025-11-20 14:43:57','2025-11-20 14:43:57'),(70,1,1,'DIY Pet Toys Workshop','Create homemade toys with our craft kits','https://images.unsplash.com/photo-1514373941175-0a141072bbc8?w=800&h=600&fit=crop',NULL,NULL,NULL,NULL,NULL,'5 DIY tutorials, Craft enthusiasts','Complete craft kit','Safe materials only',NULL,'Ôé¼400 craft supplies',2400.00,'2025-07-01','2025-09-30','any',NULL,NULL,'Turku, Finland','Pets',6,0,'active',1,'2025-11-20 14:43:57','2025-11-20 14:43:57'),(71,1,1,'Pet Grooming Tips','Share grooming techniques with our products','https://images.unsplash.com/photo-1585664811087-47f65abbad64?w=800&h=600&fit=crop',NULL,NULL,NULL,NULL,NULL,'3 grooming tutorials, Pet groomers','Professional grooming kit','Breed-specific tips',NULL,'Ôé¼400 grooming kit',1600.00,'2025-06-01','2025-08-31','any',NULL,NULL,'Espoo, Finland','Pets',4,0,'active',1,'2025-11-20 14:43:57','2025-11-20 14:43:57'),(72,1,1,'Pet Fashion Show','Showcase our pet clothing line','https://images.unsplash.com/photo-1587300003388-59208cc962cb?w=800&h=600&fit=crop',NULL,NULL,NULL,NULL,NULL,'1 fashion show video, 10 outfit posts, Pet fashion influencers','Pet wardrobe collection','Seasonal styles',NULL,'Ôé¼400 clothing budget',3200.00,'2025-07-15','2025-10-15','any',NULL,NULL,'Helsinki, Finland','Pets',8,0,'active',1,'2025-11-20 14:43:57','2025-11-20 14:43:57'),(73,1,1,'Pet Friendly Home Design','Design pet-friendly spaces with our furniture','https://images.unsplash.com/photo-1422565096762-bdb997a56a84?w=800&h=600&fit=crop',NULL,NULL,NULL,NULL,NULL,'1 home tour, 4 design tips, Interior designers','Pet-friendly furniture','Functional design',NULL,'Ôé¼500 pet furniture',2500.00,'2025-06-10','2025-09-10','any',NULL,NULL,'Vantaa, Finland','Pets',5,0,'active',1,'2025-11-20 14:43:57','2025-11-20 14:43:57'),(74,1,1,'Pet Birthday Party Ideas','Throw pet parties with our party supplies','https://images.unsplash.com/photo-1530281700549-e82e7bf110d6?w=800&h=600&fit=crop',NULL,NULL,NULL,NULL,NULL,'3 party planning videos, Party planners','Complete party kit','Celebration ideas',NULL,'Ôé¼400 party supplies',2400.00,'2025-08-01','2025-10-31','any',NULL,NULL,'Helsinki, Finland','Pets',6,0,'active',1,'2025-11-20 14:43:57','2025-11-20 14:43:57'),(75,1,1,'Zero Waste Lifestyle','Promote zero waste living with our products','https://images.unsplash.com/photo-1532996122724-e3c354a0b15b?w=800&h=600&fit=crop',NULL,NULL,NULL,NULL,NULL,'5 zero waste tips, 4 videos, Sustainability advocates','Cash payment Ôé¼400','Practical tips',NULL,'Ôé¼400 per influencer',2400.00,'2025-06-01','2025-09-30','any',NULL,NULL,'Helsinki, Finland','Sustainability',6,0,'active',1,'2025-11-20 14:43:57','2025-11-20 14:43:57'),(76,1,1,'Renewable Energy Education','Educate about solar power with our kits','https://images.unsplash.com/photo-1509391366360-2e959784a276?w=800&h=600&fit=crop',NULL,NULL,NULL,NULL,NULL,'3 educational videos, Energy educators','Cash payment Ôé¼700','Technical accuracy',NULL,'Ôé¼700 per educator',2800.00,'2025-07-01','2025-10-31','any',NULL,NULL,'Finland','Sustainability',4,0,'active',1,'2025-11-20 14:43:57','2025-11-20 14:43:57'),(77,1,1,'Plastic-Free Living Challenge','Document 30-day plastic-free journey','https://images.unsplash.com/photo-1532996122724-e3c354a0b15b?w=800&h=600&fit=crop',NULL,NULL,NULL,NULL,NULL,'Daily vlog for 30 days, Eco-warriors','Cash Ôé¼500 plus alternatives','Honest documentation',NULL,'Ôé¼500 + products',2500.00,'2025-06-15','2025-08-15','any',NULL,NULL,'Tampere, Finland','Sustainability',5,0,'active',1,'2025-11-20 14:43:57','2025-11-20 14:43:57'),(78,1,1,'Upcycling DIY Projects','Transform waste into art with our supplies','https://images.unsplash.com/photo-1542601906990-b4d3fb778b09?w=800&h=600&fit=crop',NULL,NULL,NULL,NULL,NULL,'5 upcycling tutorials, DIY creators','Cash payment Ôé¼400','Creative reuse',NULL,'Ôé¼400 per creator',3200.00,'2025-07-10','2025-10-10','any',NULL,NULL,'Helsinki, Finland','Sustainability',8,0,'active',1,'2025-11-20 14:43:57','2025-11-20 14:43:57'),(79,1,1,'Sustainable Fashion Movement','Promote our eco-friendly clothing line','https://images.unsplash.com/photo-1532453288672-3a27e9be9efd?w=800&h=600&fit=crop',NULL,NULL,NULL,NULL,NULL,'4 outfit videos, 6 posts, Fashion bloggers','Cash Ôé¼400 plus wardrobe','Material transparency',NULL,'Ôé¼400 + clothing',2800.00,'2025-06-20','2025-09-20','any',NULL,NULL,'Finland','Sustainability',7,0,'active',1,'2025-11-20 14:43:57','2025-11-20 14:43:57'),(80,1,1,'Composting at Home Guide','Teach composting with our systems','https://images.unsplash.com/photo-1466692476868-aef1dfb1e735?w=800&h=600&fit=crop',NULL,NULL,NULL,NULL,NULL,'1 setup guide, 3 update videos, Gardeners','Composting kit','Educational content',NULL,'Ôé¼400 compost system',1600.00,'2025-07-01','2025-09-30','any',NULL,NULL,'Turku, Finland','Sustainability',4,0,'active',1,'2025-11-20 14:43:57','2025-11-20 14:43:57'),(81,1,1,'Eco-Friendly Cleaning Products','Review our natural cleaning line','https://images.unsplash.com/photo-1585421514738-01798e348b17?w=800&h=600&fit=crop',NULL,NULL,NULL,NULL,NULL,'3 cleaning videos, 5 posts, Homemakers','Complete cleaning set','Effectiveness tests',NULL,'Ôé¼400 product set',2400.00,'2025-06-01','2025-08-31','any',NULL,NULL,'Espoo, Finland','Sustainability',6,0,'active',1,'2025-11-20 14:43:57','2025-11-20 14:43:57'),(82,1,1,'Reusable Products Campaign','Replace disposables with our reusables','https://images.unsplash.com/photo-1542838132-92c53300491e?w=800&h=600&fit=crop',NULL,NULL,NULL,NULL,NULL,'4 comparison videos, Eco-influencers','Cash payment Ôé¼400','Cost savings analysis',NULL,'Ôé¼400 per person',3200.00,'2025-07-15','2025-10-15','any',NULL,NULL,'Helsinki, Finland','Sustainability',8,0,'active',1,'2025-11-20 14:43:57','2025-11-20 14:43:57'),(83,1,1,'Urban Gardening Initiative','Grow food in cities with our garden kits','https://images.unsplash.com/photo-1466692476868-aef1dfb1e735?w=800&h=600&fit=crop',NULL,NULL,NULL,NULL,NULL,'Weekly growth updates, Urban gardeners','Urban garden starter kit','Harvest to table',NULL,'Ôé¼500 garden kit',2500.00,'2025-06-10','2025-12-31','any',NULL,NULL,'Helsinki, Finland','Sustainability',5,0,'active',1,'2025-11-20 14:43:57','2025-11-20 14:43:57'),(84,1,1,'Climate Action Challenge','Reduce carbon footprint with our tools','https://images.unsplash.com/photo-1569163139394-de4798aa62b6?w=800&h=600&fit=crop',NULL,NULL,NULL,NULL,NULL,'3 impact reports, Climate activists','Cash payment Ôé¼400','Data-driven results',NULL,'Ôé¼400 per challenge',2400.00,'2025-08-01','2025-11-30','any',NULL,NULL,'Finland','Sustainability',6,0,'active',1,'2025-11-20 14:43:57','2025-11-20 14:43:57'),(85,1,1,'Educational Toy Reviews','Review our STEM learning toys','https://images.unsplash.com/photo-1596461404969-9ae70f2830c1?w=800&h=600&fit=crop',NULL,NULL,NULL,NULL,NULL,'3 review videos, 5 posts, Parent influencers','Cash Ôé¼400 plus toy collection','Educational value',NULL,'Ôé¼400 + toys',3200.00,'2025-06-01','2025-09-30','any',NULL,NULL,'Helsinki, Finland','Kids & Family',8,0,'active',1,'2025-11-20 14:43:57','2025-11-20 14:43:57'),(86,1,1,'Family Activity Ideas','Share family activities with our game kits','https://images.unsplash.com/photo-1511895426328-dc8714191300?w=800&h=600&fit=crop',NULL,NULL,NULL,NULL,NULL,'5 activity videos, Family bloggers','Family game bundle','Quality time focus',NULL,'Ôé¼400 game collection',2400.00,'2025-07-01','2025-10-31','any',NULL,NULL,'Tampere, Finland','Kids & Family',6,0,'active',1,'2025-11-20 14:43:57','2025-11-20 14:43:57'),(87,1,1,'Baby Product Testing','Test our new baby care line','https://images.unsplash.com/photo-1515488042361-ee00e0ddd4e4?w=800&h=600&fit=crop',NULL,NULL,NULL,NULL,NULL,'3 product reviews, 4 posts, New parents','Complete baby care set','Safety emphasis',NULL,'Ôé¼500 product set',2500.00,'2025-06-15','2025-08-15','any',NULL,NULL,'Helsinki, Finland','Kids & Family',5,0,'active',1,'2025-11-20 14:43:57','2025-11-20 14:43:57'),(88,1,1,'Kids Fashion Collection','Model our children\'s clothing line','https://images.unsplash.com/photo-1503454537195-1dcabb73ffb9?w=800&h=600&fit=crop',NULL,NULL,NULL,NULL,NULL,'1 lookbook, 10 outfit posts, Kids fashion parents','Clothing collection Ôé¼400','Age-appropriate styling',NULL,'Ôé¼400 per child',4000.00,'2025-07-10','2025-10-10','any',NULL,NULL,'Turku, Finland','Kids & Family',10,0,'active',1,'2025-11-20 14:43:57','2025-11-20 14:43:57'),(89,1,1,'Parenting Tips Series','Share parenting wisdom using our products','https://images.unsplash.com/photo-1476703993599-0035a21b17a9?w=800&h=600&fit=crop',NULL,NULL,NULL,NULL,NULL,'5 parenting tip videos, Parenting coaches','Cash payment Ôé¼500','Evidence-based advice',NULL,'Ôé¼500 per series',2500.00,'2025-06-20','2025-09-20','any',NULL,NULL,'Espoo, Finland','Kids & Family',5,0,'active',1,'2025-11-20 14:43:57','2025-11-20 14:43:57'),(90,1,1,'Kids Crafts Workshop','Create crafts with our kids craft kits','https://images.unsplash.com/photo-1513542789411-b6a5d4f31634?w=800&h=600&fit=crop',NULL,NULL,NULL,NULL,NULL,'5 craft tutorials, Craft parents','Complete craft kit','Age ranges specified',NULL,'Ôé¼400 craft supplies',2800.00,'2025-07-01','2025-09-30','any',NULL,NULL,'Oulu, Finland','Kids & Family',7,0,'active',1,'2025-11-20 14:43:57','2025-11-20 14:43:57'),(91,1,1,'School Lunch Ideas','Pack creative lunches with our containers','https://images.unsplash.com/photo-1505489901700-bc70a004ab98?w=800&h=600&fit=crop',NULL,NULL,NULL,NULL,NULL,'3 lunch ideas per week, Food prep parents','Lunch container set','Nutritious options',NULL,'Ôé¼400 lunch gear',2400.00,'2025-08-01','2025-12-31','any',NULL,NULL,'Vantaa, Finland','Kids & Family',6,0,'active',1,'2025-11-20 14:43:57','2025-11-20 14:43:57'),(92,1,1,'Bedtime Routine Guide','Share bedtime routines with our sleep products','https://images.unsplash.com/photo-1520694478166-daaaaec95b69?w=800&h=600&fit=crop',NULL,NULL,NULL,NULL,NULL,'3 routine videos, Sleep consultants','Sleep essentials kit','Peaceful bedtimes',NULL,'Ôé¼500 sleep products',2500.00,'2025-06-01','2025-08-31','any',NULL,NULL,'Helsinki, Finland','Kids & Family',5,0,'active',1,'2025-11-20 14:43:57','2025-11-20 14:43:57'),(93,1,1,'Family Travel Guide','Document family trips with our travel gear','https://images.unsplash.com/photo-1469854523086-cc02fe5d8800?w=800&h=600&fit=crop',NULL,NULL,NULL,NULL,NULL,'3 travel vlogs, Family travel bloggers','Family travel bundle','Kid-friendly activities',NULL,'Ôé¼500 travel gear',2000.00,'2025-07-15','2025-10-15','any',NULL,NULL,'Finland','Kids & Family',4,0,'active',1,'2025-11-20 14:43:57','2025-11-20 14:43:57'),(94,1,1,'Teen Study Tips','Help teens study better with our products','https://images.unsplash.com/photo-1503676260728-1c00da094a0b?w=800&h=600&fit=crop',NULL,NULL,NULL,NULL,NULL,'5 study tip videos, Study coaches','Study essentials kit','Exam preparation',NULL,'Ôé¼400 study supplies',2400.00,'2025-06-10','2025-09-10','any',NULL,NULL,'Tampere, Finland','Kids & Family',6,0,'active',1,'2025-11-20 14:43:57','2025-11-20 14:43:57'),(95,1,1,'Digital Art Creation','Create digital art with our drawing tablets','https://images.unsplash.com/photo-1460661419201-fd4cecdf8a8b?w=800&h=600&fit=crop',NULL,NULL,NULL,NULL,NULL,'5 time-lapse creation videos, Digital artists','Cash payment Ôé¼400','Process explanation',NULL,'Ôé¼400 per artist',2400.00,'2025-06-01','2025-09-30','any',NULL,NULL,'Helsinki, Finland','Arts',6,0,'active',1,'2025-11-20 14:43:57','2025-11-20 14:43:57'),(96,1,1,'Music Production Tutorial','Teach music production with our software','https://images.unsplash.com/photo-1511379938547-c1f69419868d?w=800&h=600&fit=crop',NULL,NULL,NULL,NULL,NULL,'5 production tutorials, Music producers','Cash Ôé¼500 plus license','Beginner to advanced',NULL,'Ôé¼500 + software',2500.00,'2025-07-01','2025-10-31','any',NULL,NULL,'Tampere, Finland','Entertainment',5,0,'active',1,'2025-11-20 14:43:57','2025-11-20 14:43:57'),(97,1,1,'Photography Masterclass','Host workshops using our camera gear','https://images.unsplash.com/photo-1452587925148-ce544e77e70d?w=800&h=600&fit=crop',NULL,NULL,NULL,NULL,NULL,'1 masterclass series, Professional photographers','Cash payment Ôé¼700','Technical depth',NULL,'Ôé¼700 per workshop',2800.00,'2025-06-15','2025-09-15','any',NULL,NULL,'Turku, Finland','Arts',4,0,'active',1,'2025-11-20 14:43:57','2025-11-20 14:43:57'),(98,1,1,'Street Art Documentary','Document street art with our action cameras','https://images.unsplash.com/photo-1499781350541-7783f6c6a0c8?w=800&h=600&fit=crop',NULL,NULL,NULL,NULL,NULL,'1 documentary, 5 artist features, Videographers','Action camera kit','Artistic storytelling',NULL,'Ôé¼500 camera gear',2000.00,'2025-07-10','2025-10-10','any',NULL,NULL,'Helsinki, Finland','Arts',4,0,'active',1,'2025-11-20 14:43:57','2025-11-20 14:43:57'),(99,1,1,'Poetry Reading Series','Host poetry events featuring our books','https://images.unsplash.com/photo-1456513080510-7bf3a84b82f8?w=800&h=600&fit=crop',NULL,NULL,NULL,NULL,NULL,'3 poetry event videos, Poets','Cash payment Ôé¼500','Artistic atmosphere',NULL,'Ôé¼500 per event',2500.00,'2025-06-20','2025-09-20','any',NULL,NULL,'Espoo, Finland','Arts',5,0,'active',1,'2025-11-20 14:43:57','2025-11-20 14:43:57'),(100,1,1,'Film Review Channel','Review films using our streaming service','https://images.unsplash.com/photo-1536440136628-849c177e76a1?w=800&h=600&fit=crop',NULL,NULL,NULL,NULL,NULL,'2 reviews per week, Film critics','Cash payment Ôé¼600','In-depth analysis',NULL,'Ôé¼600 per reviewer',4800.00,'2025-07-01','2025-12-31','any',NULL,NULL,'Helsinki, Finland','Entertainment',8,0,'active',1,'2025-11-20 14:43:57','2025-11-20 14:43:57'),(101,1,1,'Theater Production Behind Scenes','Document theater productions with our equipment','https://images.unsplash.com/photo-1503095396549-807759245b35?w=800&h=600&fit=crop',NULL,NULL,NULL,NULL,NULL,'1 behind-the-scenes series, Theater filmmakers','Cash payment Ôé¼700','Dramatic storytelling',NULL,'Ôé¼700 per production',2100.00,'2025-06-01','2025-08-31','any',NULL,NULL,'Tampere, Finland','Entertainment',3,0,'active',1,'2025-11-20 14:43:57','2025-11-20 14:43:57'),(102,1,1,'Dance Choreography Series','Create dance content with our studio mirrors','https://images.unsplash.com/photo-1508700929628-666bc8bd84ea?w=800&h=600&fit=crop',NULL,NULL,NULL,NULL,NULL,'5 choreography videos, Choreographers','Cash payment Ôé¼400','Multiple dance styles',NULL,'Ôé¼400 per dancer',2800.00,'2025-07-15','2025-10-15','any',NULL,NULL,'Helsinki, Finland','Arts',7,0,'active',1,'2025-11-20 14:43:57','2025-11-20 14:43:57'),(103,1,1,'Podcast Production Guide','Start podcasts with our audio equipment','https://images.unsplash.com/photo-1478737270239-2f02b77fc618?w=800&h=600&fit=crop',NULL,NULL,NULL,NULL,NULL,'1 setup guide, 5 episodes, Podcasters','Complete podcast setup','Quality audio tips',NULL,'Ôé¼500 audio kit',2500.00,'2025-06-10','2025-09-10','any',NULL,NULL,'Oulu, Finland','Entertainment',5,0,'active',1,'2025-11-20 14:43:57','2025-11-20 14:43:57'),(104,1,1,'Stand-Up Comedy Workshop','Teach comedy with our stage equipment','https://images.unsplash.com/photo-1585699324551-f6c309eedeca?w=800&h=600&fit=crop',NULL,NULL,NULL,NULL,NULL,'3 comedy workshop videos, Comedians','Cash payment Ôé¼500','Timing and delivery',NULL,'Ôé¼500 per workshop',2000.00,'2025-08-01','2025-10-31','any',NULL,NULL,'Helsinki, Finland','Entertainment',4,0,'active',1,'2025-11-20 14:43:57','2025-11-20 14:43:57');
/*!40000 ALTER TABLE `campaigns` ENABLE KEYS */;
UNLOCK TABLES;

--
-- Table structure for table `categories`
--

DROP TABLE IF EXISTS `categories`;
/*!40101 SET @saved_cs_client     = @@character_set_client */;
/*!40101 SET character_set_client = utf8 */;
CREATE TABLE `categories` (
  `id` int(11) NOT NULL AUTO_INCREMENT,
  `name` varchar(100) NOT NULL,
  `icon` varchar(50) DEFAULT NULL,
  `is_active` tinyint(1) DEFAULT 1,
  PRIMARY KEY (`id`),
  UNIQUE KEY `name` (`name`)
) ENGINE=InnoDB AUTO_INCREMENT=27 DEFAULT CHARSET=utf8mb4 COLLATE=utf8mb4_unicode_ci;
/*!40101 SET character_set_client = @saved_cs_client */;

--
-- Dumping data for table `categories`
--

LOCK TABLES `categories` WRITE;
/*!40000 ALTER TABLE `categories` DISABLE KEYS */;
INSERT INTO `categories` VALUES (1,'Art & Design','fa-palette',1),(2,'Beauty & Cosmetics','fa-spa',1),(3,'Beer & Wine & Spirits','fa-wine-glass',1),(4,'Business & Careers','fa-briefcase',1),(5,'Cars & Motorbikes','fa-car',1),(6,'Coffee & Tea & Beverages','fa-coffee',1),(7,'Electronics & Computers','fa-laptop',1),(8,'Fashion','fa-tshirt',1),(9,'Fitness & Yoga','fa-dumbbell',1),(10,'Friends & Family & Relationships','fa-heart',1),(11,'Gaming','fa-gamepad',1),(12,'Healthcare & Medicine','fa-heartbeat',1),(13,'Healthy Lifestyle','fa-leaf',1),(14,'Home Decor & Furniture & Garden','fa-couch',1),(15,'Lifestyle','fa-star',1),(16,'Luxury Goods','fa-gem',1),(17,'Music','fa-music',1),(18,'Pets','fa-paw',1),(19,'Photography & UGC','fa-camera',1),(20,'Restaurant & Foods & Grocery','fa-utensils',1),(21,'Sports','fa-futbol',1),(22,'Sustainability','fa-recycle',1),(23,'TV & Film & Books','fa-film',1),(24,'Toys & Children & Baby','fa-baby',1),(25,'Travel','fa-plane',1),(26,'Wedding','fa-ring',1);
/*!40000 ALTER TABLE `categories` ENABLE KEYS */;
UNLOCK TABLES;

--
-- Table structure for table `influencer_categories`
--

DROP TABLE IF EXISTS `influencer_categories`;
/*!40101 SET @saved_cs_client     = @@character_set_client */;
/*!40101 SET character_set_client = utf8 */;
CREATE TABLE `influencer_categories` (
  `id` int(11) NOT NULL AUTO_INCREMENT,
  `influencer_id` int(11) NOT NULL,
  `category` varchar(100) NOT NULL,
  PRIMARY KEY (`id`),
  KEY `influencer_id` (`influencer_id`),
  CONSTRAINT `influencer_categories_ibfk_1` FOREIGN KEY (`influencer_id`) REFERENCES `influencer_profiles` (`id`) ON DELETE CASCADE
) ENGINE=InnoDB AUTO_INCREMENT=16 DEFAULT CHARSET=utf8mb4 COLLATE=utf8mb4_unicode_ci;
/*!40101 SET character_set_client = @saved_cs_client */;

--
-- Dumping data for table `influencer_categories`
--

LOCK TABLES `influencer_categories` WRITE;
/*!40000 ALTER TABLE `influencer_categories` DISABLE KEYS */;
INSERT INTO `influencer_categories` VALUES (1,1,'Fashion'),(2,1,'Lifestyle'),(3,1,'Beauty & Cosmetics'),(4,2,'Fitness & Yoga'),(5,2,'Healthy Lifestyle'),(6,2,'Sports'),(7,3,'Travel'),(8,3,'Photography & UGC'),(9,3,'Lifestyle'),(10,4,'Gaming'),(11,4,'Electronics & Computers'),(12,4,'Music'),(13,5,'Restaurant & Foods & Grocery'),(14,5,'Coffee & Tea & Beverages'),(15,5,'Healthy Lifestyle');
/*!40000 ALTER TABLE `influencer_categories` ENABLE KEYS */;
UNLOCK TABLES;

--
-- Table structure for table `influencer_profiles`
--

DROP TABLE IF EXISTS `influencer_profiles`;
/*!40101 SET @saved_cs_client     = @@character_set_client */;
/*!40101 SET character_set_client = utf8 */;
CREATE TABLE `influencer_profiles` (
  `id` int(11) NOT NULL AUTO_INCREMENT,
  `user_id` int(11) NOT NULL,
  `creator_type` enum('influencer','content_creator','both') DEFAULT 'influencer',
  `instagram_url` varchar(255) DEFAULT NULL,
  `tiktok_url` varchar(255) DEFAULT NULL,
  `youtube_url` varchar(255) DEFAULT NULL,
  `facebook_url` varchar(255) DEFAULT NULL,
  `instagram_followers` int(11) DEFAULT 0,
  `tiktok_followers` int(11) DEFAULT 0,
  `youtube_followers` int(11) DEFAULT 0,
  `cities_available` text DEFAULT NULL,
  `referral_code` varchar(50) DEFAULT NULL,
  `hear_about_us` varchar(100) DEFAULT NULL,
  `rating` decimal(3,2) DEFAULT 0.00,
  `total_campaigns` int(11) DEFAULT 0,
  `price_instagram_post` decimal(10,2) DEFAULT NULL,
  `price_instagram_story` decimal(10,2) DEFAULT NULL,
  `price_instagram_reel` decimal(10,2) DEFAULT NULL,
  `price_tiktok_post` decimal(10,2) DEFAULT NULL,
  `created_at` timestamp NOT NULL DEFAULT current_timestamp(),
  `updated_at` timestamp NOT NULL DEFAULT current_timestamp() ON UPDATE current_timestamp(),
  `bio` text DEFAULT NULL,
  `categories` varchar(500) DEFAULT NULL,
  `profile_photo` varchar(255) DEFAULT NULL,
  `instagram_username` varchar(100) DEFAULT NULL,
  `tiktok_username` varchar(100) DEFAULT NULL,
  `youtube_username` varchar(100) DEFAULT NULL,
  `facebook_likes` int(11) DEFAULT 0,
  `price_tiktok` decimal(10,2) DEFAULT NULL,
  `price_youtube` decimal(10,2) DEFAULT NULL,
  `price_blog` decimal(10,2) DEFAULT NULL,
  PRIMARY KEY (`id`),
  UNIQUE KEY `user_id` (`user_id`),
  CONSTRAINT `influencer_profiles_ibfk_1` FOREIGN KEY (`user_id`) REFERENCES `users` (`id`) ON DELETE CASCADE
) ENGINE=InnoDB AUTO_INCREMENT=8 DEFAULT CHARSET=utf8mb4 COLLATE=utf8mb4_unicode_ci;
/*!40101 SET character_set_client = @saved_cs_client */;

--
-- Dumping data for table `influencer_profiles`
--

LOCK TABLES `influencer_profiles` WRITE;
/*!40000 ALTER TABLE `influencer_profiles` DISABLE KEYS */;
INSERT INTO `influencer_profiles` VALUES (1,7,'both','https://instagram.com/emmav','https://tiktok.com/@emmav',NULL,'sd',0,0,0,'Oulu',NULL,NULL,4.00,9,0.00,0.00,0.00,290.00,'2025-11-19 12:47:29','2025-11-20 15:14:38','sdasdasdsada','gaming,food_restaurant,sports','profile_7_1763632381.jpg','sd','sd','sd',0,0.00,0.00,0.00),(2,8,'both','https://instagram.com/mikkok','https://tiktok.com/@mikkok',NULL,NULL,28000,85000,0,'Helsinki, Espoo, Tampere',NULL,NULL,4.70,6,108.00,67.00,245.00,269.00,'2025-11-19 12:47:29','2025-11-19 12:47:29',NULL,NULL,NULL,NULL,NULL,NULL,0,NULL,NULL,NULL),(3,9,'both','https://instagram.com/sofial','https://tiktok.com/@sofial',NULL,NULL,92000,210000,0,'Helsinki, Espoo, Tampere',NULL,NULL,3.90,6,303.00,163.00,324.00,231.00,'2025-11-19 12:47:29','2025-11-19 12:47:29',NULL,NULL,NULL,NULL,NULL,NULL,0,NULL,NULL,NULL),(4,10,'both','https://instagram.com/aleksim',NULL,'https://youtube.com/aleksim',NULL,15000,0,50000,'Helsinki, Espoo, Tampere',NULL,NULL,4.90,12,339.00,54.00,165.00,338.00,'2025-11-19 12:47:29','2025-11-19 12:47:29',NULL,NULL,NULL,NULL,NULL,NULL,0,NULL,NULL,NULL),(5,11,'both','https://instagram.com/annin','https://tiktok.com/@annin',NULL,NULL,67000,155000,0,'Helsinki, Espoo, Tampere',NULL,NULL,4.10,10,465.00,96.00,334.00,393.00,'2025-11-19 12:47:29','2025-11-19 12:47:29',NULL,NULL,NULL,NULL,NULL,NULL,0,NULL,NULL,NULL),(6,13,'influencer',NULL,NULL,NULL,'12',12,12,12,NULL,'','friend',0.00,0,12.00,12.00,12.00,NULL,'2025-11-19 14:02:01','2025-11-19 14:48:51','12','cars_motorbikes,coffee_tea_beverages,home_garden,healthy_lifestyle,business_careers','profile_13_1763563600.jpeg','12','12','12',12,12.00,12.00,12.00),(7,14,'content_creator',NULL,NULL,NULL,NULL,0,0,0,NULL,'','social_media',0.00,0,NULL,NULL,NULL,NULL,'2025-11-19 15:00:42','2025-11-19 15:00:42',NULL,NULL,NULL,NULL,NULL,NULL,0,NULL,NULL,NULL);
/*!40000 ALTER TABLE `influencer_profiles` ENABLE KEYS */;
UNLOCK TABLES;

--
-- Table structure for table `messages`
--

DROP TABLE IF EXISTS `messages`;
/*!40101 SET @saved_cs_client     = @@character_set_client */;
/*!40101 SET character_set_client = utf8 */;
CREATE TABLE `messages` (
  `id` int(11) NOT NULL AUTO_INCREMENT,
  `sender_id` int(11) NOT NULL,
  `receiver_id` int(11) NOT NULL,
  `campaign_id` int(11) DEFAULT NULL,
  `message` text NOT NULL,
  `attachment` varchar(255) DEFAULT NULL,
  `attachment_name` varchar(255) DEFAULT NULL,
  `is_read` tinyint(1) DEFAULT 0,
  `is_edited` tinyint(1) DEFAULT 0,
  `edited_at` timestamp NULL DEFAULT NULL,
  `created_at` timestamp NOT NULL DEFAULT current_timestamp(),
  PRIMARY KEY (`id`),
  KEY `sender_id` (`sender_id`),
  KEY `campaign_id` (`campaign_id`),
  KEY `idx_messages_receiver` (`receiver_id`,`is_read`),
  CONSTRAINT `messages_ibfk_1` FOREIGN KEY (`sender_id`) REFERENCES `users` (`id`),
  CONSTRAINT `messages_ibfk_2` FOREIGN KEY (`receiver_id`) REFERENCES `users` (`id`),
  CONSTRAINT `messages_ibfk_3` FOREIGN KEY (`campaign_id`) REFERENCES `campaigns` (`id`) ON DELETE SET NULL
) ENGINE=InnoDB AUTO_INCREMENT=21 DEFAULT CHARSET=utf8mb4 COLLATE=utf8mb4_unicode_ci;
/*!40101 SET character_set_client = @saved_cs_client */;

--
-- Dumping data for table `messages`
--

LOCK TABLES `messages` WRITE;
/*!40000 ALTER TABLE `messages` DISABLE KEYS */;
INSERT INTO `messages` VALUES (1,2,10,NULL,'Hi',NULL,NULL,0,0,NULL,'2025-11-19 12:48:10'),(2,2,7,NULL,'Hi',NULL,NULL,1,0,NULL,'2025-11-19 12:50:54'),(3,2,7,NULL,'Hahahah',NULL,NULL,1,1,'2025-11-19 12:59:20','2025-11-19 12:54:58'),(4,7,2,NULL,'Hello',NULL,NULL,1,0,NULL,'2025-11-19 12:57:46'),(5,7,2,NULL,'😃',NULL,NULL,1,0,NULL,'2025-11-19 13:00:59'),(6,7,2,NULL,'. مرحبا =',NULL,NULL,1,1,'2025-11-20 14:19:18','2025-11-19 13:04:00'),(7,14,4,NULL,'sdsdas',NULL,NULL,0,0,NULL,'2025-11-19 15:05:03'),(8,14,3,NULL,'sadasda',NULL,NULL,0,0,NULL,'2025-11-19 15:05:10'),(9,7,2,NULL,'🏐',NULL,NULL,1,0,NULL,'2025-11-20 14:19:24'),(10,2,7,NULL,'hello how are you doing today ?',NULL,NULL,1,0,NULL,'2025-11-20 15:16:32'),(11,7,2,NULL,'I\'m good and you?',NULL,NULL,1,1,'2025-11-20 15:16:52','2025-11-20 15:16:42'),(12,2,10,NULL,'sdsd\r\nsdsadasd',NULL,NULL,0,0,NULL,'2025-11-21 13:29:59'),(13,2,7,NULL,'😇',NULL,NULL,1,0,NULL,'2025-11-21 13:36:45'),(14,2,7,NULL,'😃','/casters/uploads/chat/chat_69206b66b0631_1763732326.png','ad-e1689240808207-2.png',1,0,NULL,'2025-11-21 13:38:46'),(15,2,7,NULL,'','/casters/uploads/chat/chat_69206c15019f3_1763732501.jpg','GettyImages-1269211791-1-1536x877.jpg',1,0,NULL,'2025-11-21 13:41:41'),(16,2,7,NULL,'','/casters/uploads/chat/chat_69206c8fef86e_1763732623.png','ad-e1689240808207-2.png',1,0,NULL,'2025-11-21 13:43:43'),(17,2,7,NULL,'hi',NULL,NULL,0,0,NULL,'2025-11-21 17:45:09'),(18,2,10,NULL,'sdsdsd',NULL,NULL,0,0,NULL,'2025-11-21 17:52:37'),(19,2,10,NULL,'sdsdsdsdsd',NULL,NULL,0,0,NULL,'2025-11-21 17:52:40'),(20,2,10,NULL,'','/casters/uploads/chat/chat_6920a6fadb567_1763747578.png','ad-e1689240808207-2.png',0,0,NULL,'2025-11-21 17:52:58');
/*!40000 ALTER TABLE `messages` ENABLE KEYS */;
UNLOCK TABLES;

--
-- Table structure for table `ratings`
--

DROP TABLE IF EXISTS `ratings`;
/*!40101 SET @saved_cs_client     = @@character_set_client */;
/*!40101 SET character_set_client = utf8 */;
CREATE TABLE `ratings` (
  `id` int(11) NOT NULL AUTO_INCREMENT,
  `campaign_id` int(11) NOT NULL,
  `rater_id` int(11) NOT NULL,
  `rated_id` int(11) NOT NULL,
  `rating` tinyint(4) NOT NULL CHECK (`rating` >= 1 and `rating` <= 5),
  `comment` text DEFAULT NULL,
  `created_at` timestamp NOT NULL DEFAULT current_timestamp(),
  PRIMARY KEY (`id`),
  KEY `campaign_id` (`campaign_id`),
  KEY `rater_id` (`rater_id`),
  KEY `rated_id` (`rated_id`),
  CONSTRAINT `ratings_ibfk_1` FOREIGN KEY (`campaign_id`) REFERENCES `campaigns` (`id`) ON DELETE CASCADE,
  CONSTRAINT `ratings_ibfk_2` FOREIGN KEY (`rater_id`) REFERENCES `users` (`id`),
  CONSTRAINT `ratings_ibfk_3` FOREIGN KEY (`rated_id`) REFERENCES `users` (`id`)
) ENGINE=InnoDB DEFAULT CHARSET=utf8mb4 COLLATE=utf8mb4_unicode_ci;
/*!40101 SET character_set_client = @saved_cs_client */;

--
-- Dumping data for table `ratings`
--

LOCK TABLES `ratings` WRITE;
/*!40000 ALTER TABLE `ratings` DISABLE KEYS */;
/*!40000 ALTER TABLE `ratings` ENABLE KEYS */;
UNLOCK TABLES;

--
-- Table structure for table `users`
--

DROP TABLE IF EXISTS `users`;
/*!40101 SET @saved_cs_client     = @@character_set_client */;
/*!40101 SET character_set_client = utf8 */;
CREATE TABLE `users` (
  `id` int(11) NOT NULL AUTO_INCREMENT,
  `email` varchar(255) NOT NULL,
  `password` varchar(255) NOT NULL,
  `user_type` enum('admin','manager','brand','influencer') NOT NULL,
  `first_name` varchar(100) DEFAULT NULL,
  `last_name` varchar(100) DEFAULT NULL,
  `phone` varchar(50) DEFAULT NULL,
  `date_of_birth` date DEFAULT NULL,
  `country` varchar(100) DEFAULT NULL,
  `profile_picture` varchar(255) DEFAULT NULL,
  `bio` text DEFAULT NULL,
  `is_active` tinyint(1) DEFAULT 1,
  `email_verified` tinyint(1) DEFAULT 0,
  `created_at` timestamp NOT NULL DEFAULT current_timestamp(),
  `updated_at` timestamp NOT NULL DEFAULT current_timestamp() ON UPDATE current_timestamp(),
  PRIMARY KEY (`id`),
  UNIQUE KEY `email` (`email`),
  KEY `idx_users_email` (`email`),
  KEY `idx_users_type` (`user_type`)
) ENGINE=InnoDB AUTO_INCREMENT=15 DEFAULT CHARSET=utf8mb4 COLLATE=utf8mb4_unicode_ci;
/*!40101 SET character_set_client = @saved_cs_client */;

--
-- Dumping data for table `users`
--

LOCK TABLES `users` WRITE;
/*!40000 ALTER TABLE `users` DISABLE KEYS */;
INSERT INTO `users` VALUES (1,'admin@casters.fi','$2y$10$0Ok8IfTZtLi4jdRacB184upTXdfkJZQAS5fpVMO948S.s.JQIM0aW','admin','Admin','User',NULL,NULL,NULL,NULL,NULL,1,1,'2025-11-19 12:02:21','2025-11-19 12:05:52'),(2,'1@brand.com','$2y$10$nzHVwVfTarKBBdTXrcEKve4.k0wiWl0MZTTn/CubaiVrVFFzjP7gi','brand','Nordic','Tech',NULL,NULL,'Finland',NULL,NULL,1,1,'2025-11-19 12:47:29','2025-11-19 12:47:29'),(3,'2@brand.com','$2y$10$nzHVwVfTarKBBdTXrcEKve4.k0wiWl0MZTTn/CubaiVrVFFzjP7gi','brand','Helsinki','Fashion',NULL,NULL,'Finland',NULL,NULL,1,1,'2025-11-19 12:47:29','2025-11-19 12:47:29'),(4,'3@brand.com','$2y$10$nzHVwVfTarKBBdTXrcEKve4.k0wiWl0MZTTn/CubaiVrVFFzjP7gi','brand','Arctic','Foods',NULL,NULL,'Finland',NULL,NULL,1,1,'2025-11-19 12:47:29','2025-11-19 12:47:29'),(5,'4@brand.com','$2y$10$nzHVwVfTarKBBdTXrcEKve4.k0wiWl0MZTTn/CubaiVrVFFzjP7gi','brand','Suomi','Sports',NULL,NULL,'Finland',NULL,NULL,1,1,'2025-11-19 12:47:29','2025-11-19 12:47:29'),(6,'5@brand.com','$2y$10$nzHVwVfTarKBBdTXrcEKve4.k0wiWl0MZTTn/CubaiVrVFFzjP7gi','brand','Turku','Beauty',NULL,NULL,'Finland',NULL,NULL,1,1,'2025-11-19 12:47:29','2025-11-19 12:47:29'),(7,'1@influencer.com','$2y$10$nzHVwVfTarKBBdTXrcEKve4.k0wiWl0MZTTn/CubaiVrVFFzjP7gi','influencer','Emma','Virtanen',NULL,NULL,'Finland',NULL,NULL,1,1,'2025-11-19 12:47:29','2025-11-19 12:47:29'),(8,'2@influencer.com','$2y$10$nzHVwVfTarKBBdTXrcEKve4.k0wiWl0MZTTn/CubaiVrVFFzjP7gi','influencer','Mikko','Korhonen',NULL,NULL,'Finland',NULL,NULL,1,1,'2025-11-19 12:47:29','2025-11-19 12:47:29'),(9,'3@influencer.com','$2y$10$nzHVwVfTarKBBdTXrcEKve4.k0wiWl0MZTTn/CubaiVrVFFzjP7gi','influencer','Sofia','Lehtinen',NULL,NULL,'Finland',NULL,NULL,1,1,'2025-11-19 12:47:29','2025-11-19 12:47:29'),(10,'4@influencer.com','$2y$10$nzHVwVfTarKBBdTXrcEKve4.k0wiWl0MZTTn/CubaiVrVFFzjP7gi','influencer','Aleksi','Mäkinen',NULL,NULL,'Finland',NULL,NULL,1,1,'2025-11-19 12:47:29','2025-11-19 12:47:29'),(11,'5@influencer.com','$2y$10$nzHVwVfTarKBBdTXrcEKve4.k0wiWl0MZTTn/CubaiVrVFFzjP7gi','influencer','Anni','Nieminen',NULL,NULL,'Finland',NULL,NULL,1,1,'2025-11-19 12:47:29','2025-11-19 12:47:29'),(12,'shahrukhijaz31@gmail.com','$2y$10$VaPKmAXFaPZpIf9FZKq3n..6yPRhiXod/XoYn1N4zxk8wUAmomF7u','manager','Shahrukh','Ijaz',NULL,NULL,NULL,NULL,NULL,1,1,'2025-11-19 13:06:28','2025-11-19 13:06:28'),(13,'shahrukhijaz312@gmail.com','$2y$10$3VZZzetZNeXJ0A4qL.UagOfYV6pbWwi/M73JoqDsrMRfdxaCfRx7e','influencer','Shahrukh','Ijaz',NULL,'1997-05-05','Pakistan',NULL,NULL,1,0,'2025-11-19 14:02:01','2025-11-19 14:02:01'),(14,'shahrukhijaz31255@gmail.com','$2y$10$r7MB9JHgK4CYX70nd35SrOWSVLbotaK0rv.oQ0c2LNfrPwq5w3Ad2','influencer','Shahrukh','Ijaz',NULL,'2025-11-14','Pakistan',NULL,NULL,1,0,'2025-11-19 15:00:42','2025-11-19 15:00:42');
/*!40000 ALTER TABLE `users` ENABLE KEYS */;
UNLOCK TABLES;
/*!40103 SET TIME_ZONE=@OLD_TIME_ZONE */;

/*!40101 SET SQL_MODE=@OLD_SQL_MODE */;
/*!40014 SET FOREIGN_KEY_CHECKS=@OLD_FOREIGN_KEY_CHECKS */;
/*!40014 SET UNIQUE_CHECKS=@OLD_UNIQUE_CHECKS */;
/*!40101 SET CHARACTER_SET_CLIENT=@OLD_CHARACTER_SET_CLIENT */;
/*!40101 SET CHARACTER_SET_RESULTS=@OLD_CHARACTER_SET_RESULTS */;
/*!40101 SET COLLATION_CONNECTION=@OLD_COLLATION_CONNECTION */;
/*!40111 SET SQL_NOTES=@OLD_SQL_NOTES */;

-- Dump completed on 2025-11-21 23:10:34
